product_id,store_id,brand_id,WMAPE
2,1,1,0.9641180415828303
1,4,0,0.9335915088927137
1,1,0,0.8053507424475166
1,2,0,0.7548872180451127
0,0,0,0.7462759462759463
2,2,1,0.7403374942209894
4,0,1,0.7216407355021216
3,4,0,0.6592908902691511
0,3,0,0.6059964726631393
2,0,1,0.5983125288950532
